{
  "project_info": {
    "project_number": "728329721353",
    "project_id": "matriculation-elevation",
    "storage_bucket": "matriculation-elevation.firebasestorage.app"
  },
  "client": [
    {
      "client_info": {
        "mobilesdk_app_id": "1:728329721353:android:85944ae6123ad3f2c60ad8",
        "android_client_info": {
          "package_name": "com.example.myfinalproject"
        }
      },
      "oauth_client": [],
      "api_key": [
        {
          "current_key": "AIzaSyBfRXOBTR5JMvRKMsWQZoCblOGPUm3Zc4U"
        }
      ],
      "services": {
        "appinvite_service": {
          "other_platform_oauth_client": []
        }
      }
    }
  ],
  "configuration_version": "1"
}